,Q,a95,Plate,Plate_code,Lat,Lon,CLat,CLon,RLat,RLon,Eplat,Eplong,Epang,Age
0,5,4.8,north_america,101,-86.3,5.7,0.0,0.0,0.0,0.0,0.0,0.0,0.0,0.5
1,5,9.1,north_america,101,-86.4,8.4,0.0,0.0,-86.4,9.2,79.2,23.0,0.2,0.8
2,5,7.1,north_america,101,-85.3,265.9,0.0,0.0,-85.3,-94.1,79.9,22.7,0.3,1.0
3,5,8.7,north_america,101,-88.4,225.5,0.0,0.0,-88.4,-135.7,79.9,22.7,0.3,1.0
4,5,4.3,north_america,101,-88.9,285.0,0.0,0.0,-88.9,-75.1,79.9,22.7,0.3,1.0
5,3,4.9,north_america,101,-77.9,303.7,-80.0,3.5,-80.0,4.2,80.8,22.8,0.4,1.5
6,3,7.0,north_america,101,-85.7,122.7,-81.2,73.9,-81.1,74.5,80.8,22.8,0.4,1.5
7,5,5.7,north_america,101,-84.5,241.0,0.0,0.0,-84.5,-119.1,80.8,22.8,0.4,1.5
8,5,6.2,north_america,101,-89.5,214.8,0.0,0.0,-89.5,-157.9,80.8,22.9,0.8,3.0
9,5,4.1,north_america,101,-84.6,332.3,0.0,0.0,-84.8,-25.6,80.9,22.8,1.0,4.0
10,5,6.7,north_america,101,-87.9,275.9,0.0,0.0,-88.0,-84.4,80.9,22.8,1.0,4.0
11,5,5.0,north_america,101,-85.5,197.4,0.0,0.0,-85.5,-163.9,80.9,22.8,1.3,5.0
12,5,5.0,north_america,101,-85.3,262.1,0.0,0.0,-85.5,-97.9,80.9,22.8,1.8,7.0
13,5,6.9,north_america,101,-85.9,357.7,0.0,0.0,-86.0,3.9,80.9,22.8,2.0,8.0
14,5,7.8,north_america,101,-82.9,309.1,0.0,0.0,-83.3,-47.3,80.9,22.9,2.6,10.0
15,3,12.9,north_america,101,-81.1,225.3,-83.1,93.2,-82.4,98.8,80.9,23.2,4.2,15.5
16,5,3.7,north_america,101,-82.9,346.2,0.0,0.0,-83.5,-1.3,80.3,25.4,5.8,21.0
17,5,9.8,north_america,101,-82.7,301.7,0.0,0.0,-83.7,-51.0,80.2,26.0,6.0,21.7
18,4,6.7,north_america,101,-87.1,189.5,0.0,0.0,-86.7,177.4,80.0,26.6,6.2,22.5
19,3,8.4,north_america,101,-76.4,30.3,0.0,0.0,-76.2,41.0,79.9,26.9,6.3,23.0
20,4,5.2,north_america,101,-80.9,331.2,0.0,0.0,-81.8,-17.8,79.8,27.3,6.4,23.5
21,4,6.8,north_america,101,-79.7,342.8,0.0,0.0,-80.5,-4.3,79.3,27.5,7.1,26.0
22,4,5.4,north_america,101,-80.2,315.4,0.0,0.0,-81.4,-32.9,78.8,22.7,7.5,27.0
23,3,5.0,north_america,101,-82.8,316.2,0.0,0.0,-84.2,-24.0,77.4,12.5,8.6,30.0
24,4,4.4,north_america,101,-81.9,323.6,0.0,0.0,-83.1,-16.9,77.4,12.5,8.6,30.0
25,6,6.2,north_america,101,-80.6,22.1,0.0,0.0,-79.5,43.5,76.0,6.1,9.7,33.0
26,4,4.3,north_america,101,-79.8,5.9,0.0,0.0,-78.9,31.9,74.9,1.4,11.4,37.0
27,5,7.0,north_america,101,-78.2,297.5,0.0,0.0,-80.7,-40.3,74.5,0.1,12.0,38.5
28,3,2.4,north_america,101,-85.2,296.6,0.0,0.0,-87.2,-9.1,74.5,-1.1,12.6,40.0
29,6,3.0,north_america,101,-79.2,326.4,0.0,0.0,-80.1,-1.7,74.4,-2.5,13.4,42.0
30,5,7.7,north_america,101,-83.7,323.7,-76.7,50.4,-73.2,70.3,74.3,-3.7,14.2,44.0
31,5,8.0,north_america,101,-82.7,333.6,0.0,0.0,-82.6,19.8,74.2,-4.9,15.0,46.0
32,4,9.6,north_america,101,-79.3,324.3,0.0,0.0,-80.2,0.8,74.2,-4.9,15.0,46.0
33,4,10.1,north_america,101,-85.2,62.0,0.0,0.0,-81.2,84.0,74.5,-4.8,15.3,47.0
34,6,5.6,north_america,101,-72.0,343.4,0.0,0.0,-71.9,10.7,74.5,-4.8,15.3,47.0
35,5,4.0,north_america,101,-77.1,325.8,0.0,0.0,-78.1,-0.9,75.9,-3.5,16.2,50.0
36,6,6.2,north_america,101,-83.1,326.3,0.0,0.0,-83.5,15.9,75.9,-3.5,16.2,50.0
37,6,4.9,north_america,101,-77.6,309.1,-78.3,22.7,-75.8,51.7,76.5,-2.8,16.5,51.0
38,6,2.6,north_america,101,-82.7,347.2,0.0,0.0,-81.8,31.2,76.5,-2.8,16.5,51.0
39,6,4.4,north_america,101,-81.4,347.7,-73.9,48.8,-71.3,71.7,79.8,4.1,17.6,55.0
40,5,14.0,north_america,101,-68.1,9.4,0.0,0.0,-67.3,34.2,80.9,6.2,18.2,57.0
41,6,3.0,north_america,101,-75.9,326.4,-74.9,24.7,-73.4,52.0,81.8,4.8,19.4,61.0
42,4,1.1,north_america,101,-77.1,21.3,0.0,0.0,-75.6,50.6,82.2,4.0,20.0,63.0
43,4,6.6,north_america,101,-72.0,5.3,-68.0,38.1,-66.1,62.3,82.2,4.0,20.0,63.0
44,6,3.7,north_america,101,-81.9,350.6,0.0,0.0,-81.7,29.2,82.2,4.0,20.0,63.0
45,5,3.9,north_america,101,-80.5,359.4,0.0,0.0,-79.9,34.6,82.4,3.6,20.4,64.0
46,5,5.8,north_america,101,-71.8,28.3,0.0,0.0,-69.2,56.8,81.4,-8.2,22.7,71.0
47,5,6.2,north_america,101,-69.8,354.9,0.0,0.0,-68.6,26.4,81.3,-9.2,23.1,72.0
48,6,4.6,north_america,101,-83.7,15.4,0.0,0.0,-80.7,58.1,80.7,-12.3,24.3,74.5
49,6,9.0,north_america,101,-80.8,358.1,0.0,0.0,-78.0,43.4,79.5,-15.9,25.7,77.0
50,5,9.6,north_america,101,-59.8,17.7,-57.8,41.8,-52.8,70.3,78.7,-18.1,26.9,79.0
51,6,6.2,north_america,101,-70.5,27.6,0.0,0.0,-65.5,60.8,78.2,-18.8,27.5,80.0
52,7,6.6,north_america,101,-81.8,7.8,0.0,0.0,-77.2,55.4,77.8,-19.4,28.1,81.0
53,5,4.4,north_america,101,-73.6,11.1,0.0,0.0,-61.2,65.2,69.4,-23.5,40.5,100.0
54,5,8.3,north_america,101,-72.4,20.7,0.0,0.0,-59.3,70.0,69.4,-23.5,40.5,100.0
55,5,4.0,north_america,101,-76.4,319.4,0.0,0.0,-69.4,45.2,68.8,-23.1,42.6,103.0
56,5,4.4,north_america,101,-71.5,2.4,0.0,0.0,-56.0,67.6,67.3,-22.0,48.2,111.0
57,5,6.5,north_america,101,-77.4,5.9,0.0,0.0,-60.7,74.5,67.2,-21.8,48.9,112.0
58,5,5.6,north_america,101,-75.7,29.1,0.0,0.0,-57.1,84.1,67.0,-21.7,49.6,113.0
59,5,3.6,north_america,101,-74.2,30.3,0.0,0.0,-53.1,88.2,66.0,-20.6,54.2,120.0
60,5,5.3,north_america,101,-74.8,354.8,0.0,0.0,-56.5,73.9,65.8,-20.2,54.8,121.0
61,5,4.6,north_america,101,-65.9,27.8,0.0,0.0,-44.4,86.2,65.7,-19.8,55.3,122.0
62,6,2.4,north_america,101,-72.0,11.2,0.0,0.0,-51.7,79.7,65.7,-19.8,55.3,122.0
63,5,3.3,north_america,101,-71.3,7.5,0.0,0.0,-51.5,77.6,65.7,-19.8,55.3,122.0
64,5,7.5,north_america,101,-71.0,16.9,0.0,0.0,-49.4,83.7,65.4,-18.9,56.8,125.0
65,5,3.6,north_america,101,-67.2,30.8,0.0,0.0,-43.6,91.6,64.9,-17.7,58.7,129.0
66,7,2.6,north_america,101,-58.0,23.1,0.0,0.0,-33.4,89.2,64.9,-16.7,63.2,144.0
67,6,4.1,north_america,101,-64.2,338.8,-65.5,12.5,-41.3,86.4,64.8,-16.8,64.4,148.0
68,5,3.6,north_america,101,-63.4,344.8,-64.0,17.5,-39.3,89.3,65.1,-16.1,64.9,150.0
69,6,7.0,north_america,101,-58.7,315.1,0.0,0.0,-49.8,50.8,65.3,-15.7,65.2,151.0
70,5,5.3,north_america,101,-57.4,327.5,-62.5,351.0,-42.6,76.4,65.8,-14.2,66.8,156.0
71,6,6.0,north_america,101,-56.8,328.1,-58.1,350.6,-37.8,76.3,65.8,-13.5,69.6,163.0
72,6,7.4,north_america,101,-52.6,318.2,-58.6,334.6,-42.0,69.4,65.9,-13.0,71.5,168.0
73,5,4.3,north_america,101,-64.0,299.0,-71.4,321.9,-54.9,77.0,65.9,-13.0,71.5,168.0
74,4,7.4,north_america,101,-78.7,270.3,0.0,0.0,-68.5,87.8,65.9,-12.9,71.9,169.0
75,5,7.8,north_america,101,-58.0,303.8,0.0,0.0,-51.9,53.0,65.6,-12.9,72.9,172.0
76,4,1.4,north_america,101,-63.2,283.2,0.0,0.0,-61.7,54.7,64.8,-13.4,75.0,180.0
77,3,1.0,north_america,101,-75.7,264.7,0.0,0.0,-67.6,85.0,64.4,-13.6,75.7,183.0
78,6,3.3,north_america,101,-58.8,256.4,-62.0,257.2,-72.0,47.8,64.1,-13.8,76.5,186.0
79,5,7.0,north_america,101,-61.3,264.8,-67.8,268.3,-67.4,64.9,64.1,-13.8,76.5,186.0
80,4,9.8,north_america,101,-58.7,277.8,-64.4,283.0,-61.0,59.4,64.1,-13.8,76.5,186.0
81,3,7.2,north_america,101,-73.1,275.4,0.0,0.0,-64.1,78.6,63.8,-14.0,77.3,189.0
82,5,3.1,north_america,101,-72.8,268.1,0.0,0.0,-66.1,79.2,63.7,-14.0,77.6,190.0
83,5,8.9,north_america,101,-66.0,266.0,0.0,0.0,-66.7,63.8,63.3,-14.2,78.6,194.0
84,4,2.3,north_america,101,-63.0,263.1,0.0,0.0,-67.6,56.7,63.2,-14.2,79.0,197.0
85,4,11.1,north_america,101,-65.5,267.5,0.0,0.0,-65.9,63.2,63.2,-14.2,79.0,197.0
86,6,2.8,north_america,101,-62.5,251.0,0.0,0.0,-73.2,55.4,63.2,-14.2,79.0,197.0
87,5,4.0,north_america,101,-68.0,268.5,0.0,0.0,-65.4,69.2,63.2,-14.2,79.0,197.0
88,5,6.2,north_america,101,-63.6,268.7,0.0,0.0,-65.2,58.6,63.2,-14.2,79.0,197.0
89,5,6.0,north_america,101,-55.6,274.6,-59.8,273.3,-62.2,51.5,63.2,-14.2,79.1,198.0
90,5,7.9,north_america,101,-61.5,234.0,0.0,0.0,-81.0,61.6,63.2,-14.2,79.2,199.0
91,6,10.7,north_america,101,-66.4,252.0,0.0,0.0,-71.9,68.2,63.2,-14.1,79.2,200.0
92,7,3.2,north_america,101,-66.6,268.2,0.0,0.0,-65.5,66.3,63.2,-14.1,79.3,201.0
93,6,5.0,north_america,101,-67.8,275.8,0.0,0.0,-62.5,69.5,63.2,-14.0,79.5,204.0
94,5,8.0,north_america,101,-58.5,256.9,-61.2,257.1,-70.3,51.8,63.2,-14.0,79.5,204.0
95,6,10.7,north_america,101,-58.7,250.9,-62.8,251.2,-73.0,57.3,63.2,-14.0,79.5,204.0
96,6,4.2,north_america,101,-57.8,259.3,-59.6,259.5,-68.9,47.8,63.2,-14.0,79.5,204.0
97,6,6.5,north_america,101,-64.9,276.6,0.0,0.0,-61.9,63.3,63.2,-14.0,79.5,204.0
98,6,2.5,north_america,101,-58.1,271.8,0.0,0.0,-62.3,48.4,63.2,-13.9,79.7,207.0
99,6,5.0,north_america,101,-66.9,267.2,0.0,0.0,-65.8,67.6,63.2,-13.9,79.7,207.0
100,6,4.7,north_america,101,-65.5,255.1,0.0,0.0,-70.7,65.7,63.2,-13.9,79.9,211.0
101,7,5.6,north_america,101,-55.6,274.6,-59.9,273.3,-62.1,52.8,63.2,-13.9,79.9,211.0
102,6,3.4,north_america,101,-56.6,255.9,-58.6,256.2,-70.3,45.0,63.2,-13.9,79.9,211.0
103,6,4.0,north_america,101,-61.7,274.7,0.0,0.0,-61.9,57.0,63.2,-13.9,79.9,211.0
104,5,3.0,north_america,101,-57.6,269.6,-63.3,266.9,-65.7,59.0,63.2,-13.9,79.9,211.0
105,4,5.2,north_america,101,-61.4,282.2,0.0,0.0,-58.4,58.5,63.2,-13.9,79.9,212.0
106,6,3.1,north_america,101,-60.1,277.1,0.0,0.0,-60.3,54.5,63.2,-13.9,79.9,214.0
107,4,7.0,north_america,101,-60.1,271.8,0.0,0.0,-62.9,52.7,63.2,-13.9,79.9,215.0
108,3,10.0,north_america,101,-59.0,267.6,0.0,0.0,-64.6,49.0,63.2,-13.9,79.9,215.0
109,3,14.0,north_america,101,-56.1,276.0,-62.4,280.5,-59.5,59.9,63.2,-13.9,79.9,215.0
110,7,7.8,north_america,101,-50.5,267.6,-53.4,268.7,-62.1,37.9,63.2,-13.9,79.9,215.0
111,6,5.6,north_america,101,-57.4,267.7,-59.3,268.4,-64.3,50.0,63.2,-13.9,79.9,216.0
112,6,3.2,north_america,101,-59.9,279.4,0.0,0.0,-59.2,54.9,63.2,-13.9,79.9,217.0
113,6,5.1,north_america,101,-52.9,282.0,-53.5,282.5,-54.9,45.6,63.2,-13.9,79.9,218.0
114,6,7.7,north_america,101,-56.4,276.8,-58.0,277.6,-59.4,50.7,63.2,-13.9,79.9,218.0
115,7,5.0,north_america,101,-59.6,277.5,-63.5,280.6,-59.7,61.9,63.2,-13.9,79.9,220.0
116,6,5.0,north_america,101,-53.4,281.7,-55.9,281.5,-56.6,48.9,63.2,-13.9,79.9,220.0
117,6,2.0,north_america,101,-58.5,279.5,0.0,0.0,-58.6,52.4,63.2,-13.9,79.9,221.0
118,5,5.0,north_america,101,-60.5,281.6,0.0,0.0,-58.4,56.7,63.2,-13.9,79.9,221.0
119,4,3.9,north_america,101,-48.3,272.3,0.0,0.0,-57.6,31.5,63.2,-13.9,79.9,221.0
120,6,5.0,north_america,101,-49.1,285.1,-52.7,287.8,-51.7,47.3,63.2,-13.9,79.9,225.0
121,6,4.0,north_america,101,-54.1,285.2,0.0,0.0,-53.8,47.9,63.2,-13.9,79.9,227.0
122,6,3.2,north_america,101,-48.4,278.5,0.0,0.0,-54.2,35.8,63.2,-13.9,79.9,228.0
123,5,2.5,north_america,101,-54.1,288.3,-58.6,293.1,-52.3,58.0,63.2,-13.9,79.9,230.0
124,6,4.0,north_america,101,-45.2,295.4,-49.1,299.0,-44.0,49.4,63.2,-13.9,79.9,230.0
125,5,3.1,north_america,101,-52.5,290.7,-56.6,295.0,-50.4,56.1,63.2,-13.9,79.9,230.0
126,6,4.5,north_america,101,-56.5,283.2,-59.8,286.6,-55.8,57.3,63.2,-13.9,79.9,230.0
127,6,3.3,north_america,101,-46.1,293.6,-49.8,296.9,-45.5,48.9,63.2,-13.9,79.9,230.0
128,7,3.4,north_america,101,-55.5,287.9,-58.2,290.7,-53.2,56.5,63.2,-13.9,79.9,234.0
129,7,5.0,north_america,101,-54.6,284.5,-57.8,287.8,-54.4,54.5,63.2,-13.9,79.9,234.0
130,6,4.9,north_america,101,-44.7,301.4,-44.9,301.7,-39.8,46.9,63.2,-13.9,79.9,234.0
131,5,4.9,north_america,101,-55.6,285.8,-60.5,290.9,-54.2,59.9,63.2,-13.9,79.9,234.0
132,4,5.3,north_america,101,-41.1,305.6,-40.8,305.2,-35.0,45.7,63.2,-13.9,79.9,234.0
133,5,7.0,north_america,101,-46.1,301.0,-50.6,306.1,-41.5,55.1,63.2,-13.9,79.9,235.0
134,6,7.2,north_america,101,-44.3,271.6,-45.5,271.1,-56.6,26.5,63.2,-13.9,79.9,246.0
135,6,5.0,north_america,101,-51.0,306.5,-53.8,310.3,-41.8,60.5,63.2,-13.9,79.9,250.0
136,4,8.0,north_america,101,-49.9,298.1,-51.6,300.0,-45.1,52.6,63.2,-13.9,79.9,255.0
137,4,15.0,north_america,101,-54.8,299.3,-57.3,302.2,-47.6,60.4,63.2,-13.9,79.9,258.0
138,5,5.0,north_america,101,-51.5,306.7,-54.8,311.6,-41.9,62.2,63.2,-13.9,79.9,263.0
139,5,3.8,north_america,101,-56.3,302.9,0.0,0.0,-46.6,59.5,63.2,-13.9,79.9,270.0
140,4,3.8,north_america,101,-53.0,308.7,0.0,0.0,-42.0,58.9,63.2,-13.9,79.9,272.0
141,4,8.6,north_america,101,-54.8,292.1,0.0,0.0,-50.8,52.3,63.2,-13.9,79.9,272.0
142,3,10.0,north_america,101,-51.9,303.0,-56.5,311.0,-43.2,63.6,63.2,-13.9,79.9,277.0
143,3,5.0,north_america,101,-51.7,302.1,-53.7,304.0,-44.5,57.1,63.2,-13.9,79.9,277.0
144,7,3.6,north_america,101,-42.1,306.5,-41.4,306.4,-34.9,46.9,63.2,-13.9,79.9,280.0
145,5,16.3,north_america,101,-33.5,306.3,0.0,0.0,-29.0,40.8,63.2,-13.9,79.9,282.0
146,4,13.1,north_america,101,-44.6,305.3,-47.8,308.8,-38.3,54.0,63.2,-13.9,79.9,283.0
147,5,2.1,north_america,101,-46.8,304.0,-48.3,305.9,-40.1,52.7,63.2,-13.9,79.9,285.0
148,3,10.2,north_america,101,-38.9,300.8,0.0,0.0,-35.9,41.0,63.2,-13.9,79.9,289.0
149,5,1.5,north_america,101,-50.5,303.0,-56.2,310.3,-43.4,63.0,63.2,-13.9,79.9,291.0
150,4,5.0,north_america,101,-37.5,296.6,-35.8,295.2,-36.7,34.4,63.2,-13.9,79.9,292.0
151,5,7.1,north_america,101,-40.1,307.7,-42.1,310.1,-33.5,50.0,63.2,-13.9,79.9,292.0
152,5,2.0,north_america,101,-43.1,307.9,-46.5,311.7,-36.0,54.6,63.2,-13.9,79.9,292.0
153,4,2.0,north_america,101,-41.6,300.4,-42.6,301.5,-38.3,44.7,63.2,-13.9,79.9,292.0
154,4,2.8,north_america,101,-40.1,300.5,-40.3,300.8,-37.0,42.2,63.2,-13.9,79.9,298.0
155,4,12.8,north_america,101,-55.3,279.8,-60.6,285.1,-56.8,58.0,63.2,-13.9,79.9,299.0
156,5,3.9,north_america,101,-44.1,301.5,-41.5,300.4,-38.0,43.0,63.2,-13.9,79.9,300.0
157,5,2.1,north_america,101,-42.1,312.1,-43.0,313.4,-32.7,52.9,63.2,-13.9,79.9,301.0
158,5,3.4,north_america,101,-44.1,303.9,-46.3,306.8,-38.2,51.4,63.2,-13.9,79.9,301.0
159,6,3.1,north_america,101,-28.6,299.9,0.0,0.0,-28.6,32.4,63.2,-13.9,79.9,303.0
160,5,1.8,north_america,101,-45.7,308.6,-50.5,314.6,-37.6,59.8,63.2,-13.9,79.9,303.0
161,5,6.0,north_america,101,-36.0,302.0,-30.2,301.5,-29.0,34.8,63.2,-13.9,79.9,310.0
162,7,7.7,north_america,101,-27.2,298.3,0.0,0.0,-28.4,30.2,63.2,-13.9,79.9,317.0
163,6,8.3,north_america,101,-22.6,294.4,0.0,0.0,-26.9,23.8,63.2,-13.9,79.9,320.0
164,7,15.3,north_america,101,-27.9,297.2,0.0,0.0,-29.5,29.8,63.2,-13.9,79.9,322.0
165,4,6.5,north_america,101,-19.5,315.8,0.0,0.0,-12.6,39.2,63.2,-13.9,79.9,330.0
166,6,8.0,north_america,101,-27.0,311.0,-17.8,309.8,0.0,0.0,0.0,0.0,0.0,333.0
167,7,9.0,north_america,101,-18.6,304.2,0.0,0.0,0.0,0.0,0.0,0.0,0.0,335.0
168,3,16.0,north_america,101,-27.4,303.0,-16.6,299.6,0.0,0.0,0.0,0.0,0.0,370.0
169,4,9.0,north_america,101,-13.0,285.0,1.5,284.8,0.0,0.0,0.0,0.0,0.0,415.0
170,7,5.3,north_america,101,-17.0,305.0,0.0,0.0,0.0,0.0,0.0,0.0,0.0,420.0
171,6,5.8,north_america,101,-19.1,308.3,0.0,0.0,0.0,0.0,0.0,0.0,0.0,425.0
172,4,7.3,north_america,101,-24.0,326.6,-16.9,321.7,0.0,0.0,0.0,0.0,0.0,438.0
173,4,3.9,north_america,101,-13.4,329.3,0.0,0.0,0.0,0.0,0.0,0.0,0.0,470.0
174,4,4.3,north_america,101,-17.5,332.4,0.0,0.0,0.0,0.0,0.0,0.0,0.0,480.0
175,6,11.9,north_america,101,-10.3,346.5,0.0,0.0,0.0,0.0,0.0,0.0,0.0,490.0
176,5,8.5,north_america,101,0.6,343.0,3.1,338.9,0.0,0.0,0.0,0.0,0.0,495.0
177,5,9.7,north_america,101,-10.6,338.0,-8.4,334.6,0.0,0.0,0.0,0.0,0.0,495.0
178,5,9.0,north_america,101,-5.2,345.8,-4.7,345.0,0.0,0.0,0.0,0.0,0.0,495.0
179,5,7.1,north_america,101,3.4,355.1,0.0,0.0,0.0,0.0,0.0,0.0,0.0,500.0
180,6,4.3,north_america,101,-12.6,337.3,0.0,0.0,0.0,0.0,0.0,0.0,0.0,500.0
181,6,10.0,north_america,101,5.4,348.7,0.0,0.0,0.0,0.0,0.0,0.0,0.0,503.0
182,5,3.3,north_america,101,-0.6,341.1,-1.7,342.6,0.0,0.0,0.0,0.0,0.0,508.0
183,5,6.2,north_america,101,11.9,4.5,0.0,0.0,0.0,0.0,0.0,0.0,0.0,532.0
184,6,7.4,greenland,102,-76.3,21.5,0.0,0.0,-75.0,44.1,72.8,9.1,11.2,39.0
185,5,6.3,greenland,102,-74.6,339.4,0.0,0.0,-77.6,11.6,71.1,30.9,16.0,54.0
186,4,6.0,greenland,102,-63.0,0.0,0.0,0.0,-64.6,25.6,71.4,30.2,16.4,54.5
187,4,15.0,greenland,102,-63.0,354.0,0.0,0.0,-65.0,19.8,71.7,29.6,16.8,55.0
188,3,4.2,greenland,102,-61.0,345.0,0.0,0.0,-63.8,9.9,72.0,29.0,17.2,55.5
189,4,8.9,greenland,102,-63.4,5.1,0.0,0.0,-64.4,32.0,72.0,29.0,17.2,55.5
190,6,3.0,greenland,102,-68.0,358.0,0.0,0.0,-69.6,28.0,72.0,30.1,17.5,59.0
191,5,9.0,greenland,102,-56.0,3.0,0.0,0.0,-57.4,27.7,71.9,30.3,17.5,59.5
192,6,3.2,greenland,102,-67.5,15.0,0.0,0.0,-67.6,44.9,71.8,30.8,17.5,60.5
193,5,6.0,greenland,102,-76.2,37.9,0.0,0.0,-73.9,73.2,71.8,30.8,17.5,60.5
194,5,6.9,greenland,102,-64.8,321.5,0.0,0.0,-69.4,-14.9,71.8,30.8,17.5,60.5
195,6,5.0,greenland,102,-52.7,278.7,0.0,0.0,-67.9,36.6,60.5,1.4,69.3,209.0
196,3,11.0,greenland,102,1.0,302.0,0.0,0.0,0.0,0.0,0.0,0.0,0.0,400.0
197,4,3.6,europe,301,-80.6,267.5,0.0,0.0,-80.6,-92.3,18.3,-47.0,0.1,0.5
198,4,4.4,europe,301,-86.4,296.1,0.0,0.0,-86.4,-63.1,18.3,-47.0,0.1,0.5
199,3,12.9,europe,301,-84.3,357.7,0.0,0.0,-83.9,5.8,18.0,-26.7,1.0,8.0
200,5,1.8,europe,301,-78.9,328.3,0.0,0.0,-78.9,-25.8,17.9,-26.4,1.1,9.5
201,5,3.5,europe,301,-77.4,314.2,0.0,0.0,-77.7,-40.4,18.5,-26.3,1.2,10.0
202,5,6.9,europe,301,-84.1,351.2,0.0,0.0,-83.6,3.0,19.7,-25.7,1.4,11.5
203,5,1.5,europe,301,-72.4,352.0,0.0,0.0,-71.9,-3.5,19.6,-25.5,1.5,12.0
204,4,4.4,europe,301,-77.8,310.8,0.0,0.0,-78.9,-36.2,20.0,-19.7,2.9,24.0
205,3,3.4,europe,301,-80.8,2.0,0.0,0.0,-78.0,26.5,26.8,-19.5,5.5,34.0
206,5,6.8,europe,301,-63.7,358.6,-76.7,357.2,-72.2,30.6,30.5,-15.7,10.3,52.0
207,5,1.5,europe,301,-83.0,335.0,0.0,0.0,-78.2,41.3,34.5,-15.7,12.4,59.0
208,5,3.5,europe,301,-76.0,340.0,0.0,0.0,-72.9,22.7,34.5,-15.7,12.4,59.0
209,5,1.2,europe,301,-81.7,359.8,0.0,0.0,-74.9,46.3,34.6,-15.7,12.5,59.4
210,5,2.8,europe,301,-80.2,339.6,0.0,0.0,-76.0,33.2,34.6,-15.7,12.5,59.5
211,4,1.5,europe,301,-82.5,338.0,0.0,0.0,-77.6,40.6,34.7,-15.7,12.5,59.8
212,5,5.7,europe,301,-77.7,325.4,0.0,0.0,-76.2,18.0,34.7,-15.7,12.5,59.8
213,4,2.7,europe,301,-77.0,355.0,0.0,0.0,-71.5,34.4,34.8,-15.7,12.6,60.0
214,6,4.5,europe,301,-71.4,334.7,0.0,0.0,-69.8,11.3,34.8,-15.7,12.6,60.1
215,6,2.4,europe,301,-81.0,359.0,0.0,0.0,-74.3,44.8,34.9,-15.7,12.7,60.7
216,6,4.7,europe,301,-73.3,346.2,0.0,0.0,-69.5,23.1,35.0,-15.7,12.8,60.9
217,5,4.7,europe,301,-78.9,347.0,0.0,0.0,-74.0,34.1,35.0,-15.7,12.8,61.0
218,5,2.7,europe,301,-74.0,351.0,0.0,0.0,-69.4,27.5,35.1,-15.7,12.8,61.2
219,6,3.4,europe,301,-79.1,344.5,-84.9,222.9,-82.4,95.9,35.8,-16.0,14.6,68.0
220,7,8.0,europe,301,-73.0,336.0,0.0,0.0,-69.8,21.1,35.4,-15.7,15.2,74.0
221,5,3.0,europe,301,-74.0,341.0,0.0,0.0,-67.7,35.4,37.5,-14.0,19.5,86.0
222,5,3.0,europe,301,-74.0,328.0,0.0,0.0,-70.4,28.7,37.5,-14.0,19.5,86.0
223,4,5.0,europe,301,-68.0,329.0,0.0,0.0,-65.1,22.3,39.2,-13.6,21.8,89.5
224,5,4.0,europe,301,-76.0,1.0,0.0,0.0,-62.9,54.7,39.4,-13.7,24.2,93.0
225,6,2.5,europe,301,-80.8,338.4,0.0,0.0,-63.2,70.6,41.6,-10.1,34.1,108.0
226,6,2.9,europe,301,-74.0,3.0,0.0,0.0,-48.0,82.4,45.9,-3.4,48.4,140.0
227,5,6.0,europe,301,-78.0,328.0,0.0,0.0,-56.0,87.9,48.4,-1.1,52.8,156.5
228,3,3.9,europe,301,-70.0,327.0,0.0,0.0,-54.5,74.3,48.5,-1.0,53.0,157.0
229,5,7.0,europe,301,-78.0,310.0,0.0,0.0,-59.5,88.7,48.6,-0.9,53.4,158.0
230,4,4.0,europe,301,-72.0,312.0,0.0,0.0,-59.3,77.2,48.7,-0.8,53.8,159.0
231,6,7.3,europe,301,-72.0,330.0,0.0,0.0,-53.9,78.9,48.7,-0.8,53.8,160.0
232,7,6.3,europe,301,-63.0,300.0,0.0,0.0,-62.2,62.5,49.8,0.3,57.0,168.0
233,6,6.8,europe,301,-69.0,283.0,0.0,0.0,-65.8,82.6,49.4,0.2,60.3,179.0
234,6,12.0,europe,301,-71.0,276.0,0.0,0.0,-65.6,90.9,49.2,0.0,61.8,184.0
235,5,5.1,europe,301,-66.0,295.2,0.0,0.0,-60.6,75.2,49.1,-0.1,62.3,186.0
236,4,3.0,europe,301,-77.0,315.0,0.0,0.0,-52.1,94.8,48.7,0.0,63.6,192.0
237,5,7.5,europe,301,-61.0,259.0,0.0,0.0,-76.0,88.7,48.1,0.7,63.1,198.0
238,6,9.0,europe,301,-55.0,280.0,0.0,0.0,-69.1,54.0,47.8,1.1,62.5,201.0
239,7,3.0,europe,301,-51.0,285.0,0.0,0.0,-65.8,44.1,47.8,1.1,62.5,201.0
240,6,4.5,europe,301,-50.0,286.4,0.0,0.0,-65.3,41.7,47.6,1.6,61.9,204.2
241,6,8.0,europe,301,-50.0,292.0,-58.0,272.9,-73.6,65.6,47.3,2.2,61.1,208.0
242,5,5.1,europe,301,-50.0,308.0,-58.2,298.2,-61.7,60.7,46.6,3.2,59.5,215.0
243,5,4.6,europe,301,-50.0,305.0,0.0,0.0,-56.9,45.8,46.0,3.9,58.2,221.0
244,6,6.0,europe,301,-49.0,311.0,0.0,0.0,-52.9,46.9,46.0,3.9,58.2,226.0
245,5,2.9,europe,301,-47.1,301.6,0.0,0.0,-57.8,39.2,46.0,3.9,58.2,228.0
246,6,3.0,europe,301,-54.0,321.0,0.0,0.0,-49.4,58.3,46.0,3.9,58.2,234.0
247,6,12.0,europe,301,-53.0,303.0,0.0,0.0,-59.1,50.4,46.0,3.9,58.2,234.0
248,5,15.0,europe,301,-49.0,326.0,-56.5,318.6,-51.6,61.2,46.0,3.9,58.2,239.0
249,6,5.0,europe,301,-43.0,326.0,-47.8,322.2,-45.8,50.6,46.0,3.9,58.2,243.0
250,6,3.8,europe,301,-49.0,348.2,-57.0,344.7,-39.2,71.2,46.0,3.9,58.2,246.0
251,6,7.8,europe,301,-59.3,325.8,0.0,0.0,-49.0,67.4,46.0,3.9,58.2,248.0
252,7,3.3,europe,301,-50.6,345.6,-58.8,341.0,-41.8,71.7,46.0,3.9,58.2,249.0
253,3,10.0,europe,301,-59.0,330.0,0.0,0.0,-46.9,68.2,46.0,3.9,58.2,250.0
254,6,3.3,europe,301,-56.2,326.0,0.0,0.0,-47.7,63.2,46.0,3.9,58.2,251.0
255,3,13.9,europe,301,-52.7,328.4,0.0,0.0,-44.8,59.6,46.0,3.9,58.2,251.0
256,5,2.1,europe,301,-56.4,321.7,0.0,0.0,-49.9,62.0,46.0,3.9,58.2,251.0
257,6,5.0,europe,301,-50.0,343.0,-59.3,336.5,-44.1,70.7,46.0,3.9,58.2,251.0
258,3,5.3,europe,301,-53.3,330.2,0.0,0.0,-44.2,61.1,46.0,3.9,58.2,251.0
259,3,5.0,europe,301,-54.3,323.0,0.0,0.0,-48.4,59.5,46.0,3.9,58.2,251.0
260,3,2.7,europe,301,-58.5,314.5,0.0,0.0,-54.3,63.2,46.0,3.9,58.2,251.0
261,6,9.7,europe,301,-52.8,334.4,0.0,0.0,-41.8,62.3,46.0,3.9,58.2,251.0
262,5,2.7,europe,301,-46.0,327.0,-50.0,324.7,-45.5,54.7,46.0,3.9,58.2,255.0
263,6,4.0,europe,301,-51.0,341.0,-55.4,338.1,-41.4,66.8,46.0,3.9,58.2,255.0
264,5,3.5,europe,301,-45.6,350.2,-54.9,338.2,-41.0,66.2,46.0,3.9,58.2,260.0
265,5,5.0,europe,301,-47.0,331.0,-50.6,327.7,-44.2,56.7,46.0,3.9,58.2,261.0
266,6,4.0,europe,301,-49.0,343.0,-52.6,341.7,-38.0,65.3,46.0,3.9,58.2,261.0
267,4,0.0,europe,301,-53.0,331.0,-58.6,326.4,-48.5,66.5,46.0,3.9,58.2,264.0
268,5,1.5,europe,301,-49.0,334.0,-52.5,331.5,-43.1,60.7,46.0,3.9,58.2,264.0
269,3,4.6,europe,301,-47.0,336.0,-49.3,334.7,-39.6,58.5,46.0,3.9,58.2,264.0
270,5,4.0,europe,301,-51.0,324.0,-56.4,318.8,-51.4,61.0,46.0,3.9,58.2,264.0
271,5,6.1,europe,301,-51.5,322.0,0.0,0.0,-47.7,55.3,46.0,3.9,58.2,264.0
272,4,4.1,europe,301,-50.0,344.0,0.0,0.0,-35.3,63.8,46.0,3.9,58.2,269.0
273,5,2.5,europe,301,-51.0,343.0,0.0,0.0,-36.4,64.3,46.0,3.9,58.2,271.0
274,5,5.9,europe,301,-53.0,344.0,0.0,0.0,-37.1,66.7,46.0,3.9,58.2,271.0
275,4,8.6,europe,301,-51.0,345.0,0.0,0.0,-35.4,65.3,46.0,3.9,58.2,275.0
276,4,11.0,europe,301,-54.0,352.0,0.0,0.0,-34.1,71.4,46.0,3.9,58.2,279.0
277,4,7.0,europe,301,-37.0,341.0,0.0,0.0,-28.3,50.6,46.0,3.9,58.2,280.0
278,3,14.0,europe,301,-47.0,337.0,0.0,0.0,-37.1,57.3,46.0,3.9,58.2,280.0
279,5,10.0,europe,301,-42.0,346.0,0.0,0.0,-29.0,57.8,46.0,3.9,58.2,280.0
280,5,1.0,europe,301,-47.0,337.0,0.0,0.0,-37.1,57.3,46.0,3.9,58.2,281.0
281,4,13.4,europe,301,-44.6,337.4,0.0,0.0,-35.4,55.2,46.0,3.9,58.2,281.0
282,4,6.9,europe,301,-38.0,346.0,0.0,0.0,-26.2,54.6,46.0,3.9,58.2,281.0
283,5,6.5,europe,301,-49.4,359.7,0.0,0.0,-27.4,71.4,46.0,3.9,58.2,282.6
284,4,6.7,europe,301,-41.0,352.0,0.0,0.0,-25.1,60.6,46.0,3.9,58.2,285.0
285,5,3.2,europe,301,-43.0,352.0,0.0,0.0,-26.5,62.1,46.0,3.9,58.2,285.0
286,5,5.1,europe,301,-44.0,4.0,-48.6,4.1,-24.9,73.2,46.0,3.9,58.2,285.0
287,5,2.0,europe,301,-40.0,346.0,-42.4,345.2,-29.6,57.7,46.0,3.9,58.2,285.0
288,3,7.7,europe,301,-44.0,350.0,-39.8,-9.4,-25.0,58.8,46.0,3.9,58.2,285.0
289,5,6.3,europe,301,-38.0,346.0,0.0,0.0,-26.2,54.6,46.0,3.9,58.2,285.0
290,4,8.1,europe,301,-42.0,354.0,0.0,0.0,-24.8,62.5,46.0,3.9,58.2,285.0
291,5,2.0,europe,301,-42.0,349.0,-40.5,-9.8,-25.7,59.0,46.0,3.9,58.2,285.0
292,4,17.0,europe,301,-49.0,342.0,-52.5,340.1,-38.7,64.5,46.0,3.9,58.2,285.0
293,4,6.8,europe,301,-37.0,340.0,-38.5,339.4,-30.2,50.9,46.0,3.9,58.2,285.0
294,4,7.9,europe,301,-43.0,345.0,0.0,0.0,-30.2,58.1,46.0,3.9,58.2,285.0
295,5,4.0,europe,301,-41.0,345.0,-44.0,343.5,-31.6,58.1,46.0,3.9,58.2,285.0
296,3,13.2,europe,301,-40.0,352.0,0.0,0.0,-24.3,59.8,46.0,3.9,58.2,285.0
297,5,4.0,europe,301,-50.0,330.0,0.0,0.0,-42.6,57.1,46.0,3.9,58.2,286.0
298,4,5.9,europe,301,-49.0,356.0,0.0,0.0,-28.8,69.1,46.0,3.9,58.2,286.0
299,4,10.0,europe,301,-48.0,343.0,0.0,0.0,-34.5,61.4,46.0,3.9,58.2,286.0
300,3,1.0,europe,301,-42.0,353.0,0.0,0.0,-25.3,61.9,46.0,3.9,58.2,286.0
301,4,5.8,europe,301,-41.5,340.0,-45.3,338.1,-35.5,56.3,46.0,3.9,58.2,287.0
302,4,2.4,europe,301,-32.0,354.0,0.0,0.0,-17.3,55.4,46.0,3.9,58.2,291.0
303,3,15.9,europe,301,-41.0,349.0,0.0,0.0,-26.7,58.8,46.0,3.9,58.2,291.0
304,3,13.0,europe,301,-46.0,347.0,0.0,0.0,-31.2,61.8,46.0,3.9,58.2,291.0
305,6,13.0,europe,301,-42.0,346.0,0.0,0.0,-29.0,57.8,46.0,3.9,58.2,293.0
306,4,4.8,europe,301,-44.0,339.0,0.0,0.0,-34.1,55.5,46.0,3.9,58.2,294.0
307,5,3.5,europe,301,-32.9,347.1,0.0,0.0,-21.9,51.4,46.0,3.9,58.2,294.0
308,5,6.3,europe,301,-35.4,346.8,0.0,0.0,-23.9,53.1,46.0,3.9,58.2,294.0
309,4,4.0,europe,301,-47.0,348.0,0.0,0.0,-31.3,63.2,46.0,3.9,58.2,294.0
310,3,19.0,europe,301,-42.0,348.0,0.0,0.0,-27.9,59.0,46.0,3.9,58.2,294.0
311,4,4.8,europe,301,-44.0,355.0,0.0,0.0,-25.7,64.6,46.0,3.9,58.2,294.0
312,5,8.1,europe,301,-47.1,337.1,0.0,0.0,-37.1,57.5,46.0,3.9,58.2,294.0
313,5,6.5,europe,301,-38.0,348.0,0.0,0.0,-25.1,55.8,46.0,3.9,58.2,294.0
314,5,11.0,europe,301,-37.0,354.0,0.0,0.0,-21.1,58.9,46.0,3.9,58.2,294.0
315,4,7.1,europe,301,-37.1,350.0,0.0,0.0,-23.3,56.4,46.0,3.9,58.2,295.0
316,4,13.6,europe,301,-43.0,354.0,0.0,0.0,-25.5,63.3,46.0,3.9,58.2,296.0
317,3,7.1,europe,301,-42.5,339.6,0.0,0.0,-32.8,54.5,46.0,3.9,58.2,297.0
318,4,2.9,europe,301,-39.0,341.0,0.0,0.0,-29.7,52.3,46.0,3.9,58.2,297.0
319,5,1.3,europe,301,-41.0,342.0,0.0,0.0,-30.5,54.6,46.0,3.9,58.2,297.0
320,6,3.0,europe,301,-43.0,345.0,-49.9,337.3,-38.6,60.4,46.0,3.9,58.2,297.0
321,5,2.4,europe,301,-48.4,349.8,-56.1,341.2,-40.3,68.8,46.0,3.9,58.2,299.0
322,5,4.0,europe,301,-31.0,354.0,0.0,0.0,-16.6,54.7,46.0,3.9,58.2,299.0
323,5,2.2,europe,301,-48.2,348.3,-55.9,339.4,-41.0,67.9,46.0,3.9,58.2,299.0
324,6,4.0,europe,301,-42.0,359.0,-45.7,356.5,-26.3,66.8,46.0,3.9,58.2,301.0
325,5,2.0,europe,301,-48.2,342.3,0.0,0.0,-35.0,61.3,46.0,3.9,58.2,303.0
326,3,3.0,europe,301,-49.0,349.0,0.0,0.0,-32.2,65.4,46.0,3.9,58.2,303.0
327,5,5.2,europe,301,-38.3,354.0,0.0,0.0,-22.0,59.8,46.0,3.9,58.2,305.0
328,5,9.0,europe,301,-38.0,343.0,-40.3,341.5,-30.3,53.7,46.0,3.9,58.2,305.0
329,5,2.9,europe,301,-38.4,339.5,0.0,0.0,-30.1,50.9,46.0,3.9,58.2,312.0
330,6,7.0,europe,301,-14.0,332.0,0.0,0.0,0.0,0.0,0.0,0.0,0.0,332.0
331,6,8.2,europe,301,-14.3,335.9,0.0,0.0,0.0,0.0,0.0,0.0,0.0,335.0
332,6,11.0,europe,301,4.0,323.0,0.0,0.0,0.0,0.0,0.0,0.0,0.0,396.0
333,6,7.0,europe,301,-5.0,320.0,0.0,0.0,0.0,0.0,0.0,0.0,0.0,410.0
334,7,3.0,europe,301,2.0,318.0,0.0,0.0,0.0,0.0,0.0,0.0,0.0,410.0
335,6,7.3,europe,301,3.7,325.5,0.0,0.0,0.0,0.0,0.0,0.0,0.0,411.0
336,5,6.0,europe,301,2.0,321.0,0.0,0.0,0.0,0.0,0.0,0.0,0.0,412.0
337,4,2.5,europe,301,-8.0,335.0,0.0,0.0,0.0,0.0,0.0,0.0,0.0,415.0
338,4,4.3,europe,301,-1.0,325.0,0.0,0.0,0.0,0.0,0.0,0.0,0.0,415.0
339,4,4.9,europe,301,-17.0,350.0,0.0,0.0,0.0,0.0,0.0,0.0,0.0,419.0
340,7,9.1,europe,301,-19.0,344.0,-13.6,-16.0,0.0,0.0,0.0,0.0,0.0,421.0
341,3,5.7,europe,301,-27.0,346.0,0.0,0.0,0.0,0.0,0.0,0.0,0.0,421.0
342,3,8.0,europe,301,-23.0,351.0,0.0,0.0,0.0,0.0,0.0,0.0,0.0,422.0
343,4,4.6,europe,301,-15.0,350.0,0.0,0.0,0.0,0.0,0.0,0.0,0.0,424.0
344,5,7.9,europe,301,-15.0,347.0,0.0,0.0,0.0,0.0,0.0,0.0,0.0,425.0
345,3,6.0,europe,301,-21.0,344.0,0.0,0.0,0.0,0.0,0.0,0.0,0.0,425.0
346,4,2.0,europe,301,-19.0,349.0,0.0,0.0,0.0,0.0,0.0,0.0,0.0,426.0
347,5,5.1,europe,301,-19.0,352.0,0.0,0.0,0.0,0.0,0.0,0.0,0.0,427.0
348,3,5.0,europe,301,-21.0,344.0,0.0,0.0,0.0,0.0,0.0,0.0,0.0,430.0
349,4,5.2,europe,301,-21.0,358.0,0.0,0.0,0.0,0.0,0.0,0.0,0.0,432.0
350,5,13.4,europe,301,3.0,35.0,0.0,0.0,0.0,0.0,0.0,0.0,0.0,458.0
351,6,4.8,europe,301,5.0,34.0,0.0,0.0,0.0,0.0,0.0,0.0,0.0,459.0
352,5,4.9,europe,301,12.0,41.9,0.0,0.0,0.0,0.0,0.0,0.0,0.0,463.0
353,6,4.4,europe,301,14.0,49.0,0.0,0.0,0.0,0.0,0.0,0.0,0.0,466.0
354,4,6.7,europe,301,11.3,39.1,0.0,0.0,0.0,0.0,0.0,0.0,0.0,467.0
355,6,9.2,europe,301,19.0,51.0,0.0,0.0,0.0,0.0,0.0,0.0,0.0,471.0
356,6,6.8,europe,301,18.7,54.0,0.0,0.0,0.0,0.0,0.0,0.0,0.0,472.0
357,4,7.1,europe,301,25.0,50.9,0.0,0.0,0.0,0.0,0.0,0.0,0.0,472.0
358,5,9.0,europe,301,30.0,55.0,0.0,0.0,0.0,0.0,0.0,0.0,0.0,475.0
359,6,5.1,europe,301,18.0,46.0,0.0,0.0,0.0,0.0,0.0,0.0,0.0,475.0
360,6,4.0,europe,301,18.0,55.0,0.0,0.0,0.0,0.0,0.0,0.0,0.0,477.0
361,5,3.6,europe,301,34.7,59.1,0.0,0.0,0.0,0.0,0.0,0.0,0.0,478.0
362,5,5.0,europe,301,22.0,87.0,34.2,79.8,0.0,0.0,0.0,0.0,0.0,500.0
363,3,6.8,europe,301,52.0,111.0,0.0,0.0,0.0,0.0,0.0,0.0,0.0,500.1
364,4,6.9,europe,301,58.4,122.5,68.7,102.2,0.0,0.0,0.0,0.0,0.0,535.0
365,3,10.0,Amazonia,201,-85.4,303.8,0.0,0.0,-85.5,-37.4,62.1,-40.5,2.8,8.5
366,3,10.0,Amazonia,201,-85.7,80.5,0.0,0.0,-84.6,75.6,62.1,-40.5,2.8,8.5
367,5,11.4,Amazonia,201,-84.5,316.0,0.0,0.0,-84.4,-26.3,62.0,-40.6,3.1,9.5
368,5,5.9,Amazonia,201,-79.5,0.0,0.0,0.0,-69.6,46.8,63.5,-33.4,26.2,70.5
369,6,2.6,Amazonia,201,-83.2,320.1,0.0,0.0,-71.8,48.8,61.6,-34.3,33.8,84.0
370,5,4.2,Amazonia,201,-79.4,331.9,0.0,0.0,-67.5,44.3,61.2,-34.3,34.4,85.0
371,3,4.8,Amazonia,201,-87.6,315.1,0.0,0.0,-69.5,65.2,58.2,-34.6,38.7,92.0
372,4,3.0,Amazonia,201,-87.9,335.9,0.0,0.0,-63.5,69.8,54.9,-34.8,44.9,102.0
373,4,2.8,Amazonia,201,-83.6,81.0,0.0,0.0,-53.7,84.1,51.8,-35.0,52.4,118.0
374,6,2.6,Amazonia,201,-89.1,3.3,0.0,0.0,-56.3,76.3,51.0,-34.3,53.6,123.5
375,6,2.0,Amazonia,201,-82.4,30.3,0.0,0.0,-48.1,77.9,50.1,-32.8,54.8,130.0
376,6,2.4,Amazonia,201,-83.0,71.4,0.0,0.0,-49.6,85.6,50.0,-32.5,55.1,132.0
377,4,14.1,Amazonia,201,-80.6,275.0,0.0,0.0,-59.3,63.3,50.0,-32.5,55.1,146.0
378,3,9.3,Amazonia,201,-85.3,262.5,0.0,0.0,-58.5,72.7,50.0,-32.5,55.1,175.0
379,5,3.8,Amazonia,201,-65.5,250.3,0.0,0.0,-70.6,34.3,50.0,-32.5,55.1,196.6
380,5,4.0,Amazonia,201,-81.2,235.1,0.0,0.0,-63.6,72.7,50.0,-32.5,55.1,198.0
381,4,4.9,Amazonia,201,-66.9,245.6,0.0,0.0,-71.9,40.3,50.0,-32.5,55.1,202.5
382,4,10.0,Amazonia,201,-82.0,320.0,0.0,0.0,-52.7,66.4,50.0,-32.5,55.1,232.0
383,6,6.0,Amazonia,201,-71.4,303.6,-60.0,294.1,-50.4,29.1,50.0,-32.5,55.1,248.5
384,6,6.6,Amazonia,201,-80.7,7.0,-70.7,325.5,-45.5,52.9,50.0,-32.5,55.1,260.0
385,4,4.5,Amazonia,201,-68.2,321.3,-56.1,305.2,-43.4,29.2,50.0,-32.5,55.1,280.0
386,4,4.1,Amazonia,201,-65.7,330.9,-53.2,324.0,-33.7,36.0,50.0,-32.5,55.1,300.0
387,3,11.2,Amazonia,201,-57.0,357.0,-48.3,338.2,-24.3,41.3,50.0,-32.5,55.1,310.0
388,3,6.0,Parana,202,-77.0,18.0,0.0,0.0,-66.8,52.3,63.9,-33.6,24.7,65.5
389,4,3.7,Parana,202,-84.6,115.4,0.0,0.0,-57.0,86.1,51.7,-35.0,52.6,119.0
390,3,10.4,Parana,202,-81.0,14.0,0.0,0.0,-49.2,71.8,51.5,-34.9,53.0,121.0
391,5,5.9,Parana,202,-72.0,25.0,0.0,0.0,-39.1,73.6,50.9,-34.2,53.7,124.0
392,3,11.0,Parana,202,-79.0,8.0,0.0,0.0,-43.0,71.3,47.5,-33.3,56.1,139.5
393,3,18.1,Parana,202,5.9,338.1,0.0,0.0,24.1,12.1,47.6,-33.3,56.2,510.0
394,4,8.0,Colorado,290,-85.0,222.0,0.0,0.0,-73.0,71.4,56.9,-34.7,40.9,95.5
395,5,8.7,Colorado,290,-83.0,138.0,0.0,0.0,-53.3,90.1,47.5,-33.3,57.3,183.0
396,6,4.5,Colorado,290,-74.0,67.0,0.0,0.0,-38.1,89.4,47.5,-33.3,57.3,183.0
397,5,6.8,Colorado,290,-75.5,129.4,0.0,0.0,-51.0,102.0,47.5,-33.3,57.3,187.0
398,6,4.5,Colorado,290,-51.0,223.0,0.0,0.0,-84.7,-21.3,47.5,-33.3,57.3,195.0
399,4,7.6,Colorado,290,-81.8,298.3,0.0,0.0,-52.4,65.2,47.5,-33.3,57.3,216.0
400,4,7.0,Colorado,290,-83.0,317.0,-69.1,298.5,-49.7,45.5,47.5,-33.3,57.3,240.0
401,6,6.4,Colorado,290,-76.0,313.4,0.0,0.0,-48.1,57.7,47.5,-33.3,57.3,240.0
402,6,4.9,Colorado,290,-89.2,346.1,-75.1,293.5,-52.6,54.2,47.5,-33.3,57.3,240.0
403,6,3.3,Colorado,290,-80.1,348.6,0.0,0.0,-44.9,68.6,47.5,-33.3,57.3,263.0
404,6,4.1,Colorado,290,-75.7,326.0,0.0,0.0,-45.3,59.5,47.5,-33.3,57.3,264.0
405,4,5.2,Colorado,290,-80.6,308.3,0.0,0.0,-50.7,63.7,47.5,-33.3,57.3,267.0
406,4,2.8,Colorado,290,-80.6,268.8,-66.7,285.5,-53.7,39.6,47.5,-33.3,57.3,283.0
407,3,2.5,Colorado,290,-59.5,357.5,-55.2,332.3,-29.2,43.2,47.5,-33.3,57.3,283.0
408,3,3.1,Colorado,290,-74.0,313.0,-60.9,301.3,-45.1,35.2,47.5,-33.3,57.3,283.0
409,4,4.9,Colorado,290,-76.8,293.7,-62.4,292.2,-49.6,34.4,47.5,-33.3,57.3,290.0
410,4,7.0,Colorado,290,-73.1,272.4,0.0,0.0,-58.4,50.8,47.5,-33.3,57.3,290.0
411,3,5.0,Colorado,290,-66.0,348.0,0.0,0.0,-33.4,57.8,47.5,-33.3,57.3,300.0
412,4,5.7,Colorado,290,-51.0,347.0,0.0,0.0,-20.8,48.8,47.5,-33.3,57.3,310.0
413,6,5.0,Colorado,290,-49.0,343.0,-45.4,323.6,-25.1,31.5,47.5,-33.3,57.3,310.0
414,6,9.6,Colorado,290,-57.0,350.0,0.0,0.0,-25.2,53.6,47.5,-33.3,57.3,310.0
415,5,5.7,Patagonia,291,-81.0,337.4,0.0,0.0,-74.4,33.2,57.2,-31.2,19.4,47.0
416,6,4.3,Patagonia,291,-78.7,358.4,0.0,0.0,-68.8,45.5,63.4,-33.4,26.5,71.5
417,5,2.0,Patagonia,291,-86.8,35.2,0.0,0.0,-66.7,71.5,58.2,-34.6,38.7,92.0
418,4,3.8,Patagonia,291,-87.0,159.0,-77.5,283.2,-60.9,51.4,52.0,-35.0,52.1,116.0
419,5,5.5,Patagonia,291,-81.0,172.0,0.0,0.0,-57.9,90.4,47.5,-33.3,58.0,156.5
420,4,4.9,Patagonia,291,-85.0,197.0,0.0,0.0,-55.8,82.0,47.5,-33.3,59.2,167.0
421,5,5.2,Southern_Africa,701,-64.1,46.1,0.0,0.0,0.0,0.0,0.0,0.0,0.0,90.5
422,6,9.7,Southern_Africa,701,-47.6,89.9,0.0,0.0,0.0,0.0,0.0,0.0,0.0,129.0
423,5,3.1,Southern_Africa,701,-48.3,86.6,0.0,0.0,0.0,0.0,0.0,0.0,0.0,132.0
424,4,13.3,Southern_Africa,701,-64.0,80.6,0.0,0.0,0.0,0.0,0.0,0.0,0.0,180.0
425,3,15.8,Southern_Africa,701,-61.9,71.9,0.0,0.0,0.0,0.0,0.0,0.0,0.0,183.0
426,5,3.2,Southern_Africa,701,-71.6,93.5,0.0,0.0,0.0,0.0,0.0,0.0,0.0,183.0
427,4,11.0,Southern_Africa,701,-70.5,88.7,0.0,0.0,0.0,0.0,0.0,0.0,0.0,183.0
428,3,7.0,Southern_Africa,701,-57.0,84.0,0.0,0.0,0.0,0.0,0.0,0.0,0.0,183.0
429,5,9.5,Southern_Africa,701,-65.4,75.1,0.0,0.0,0.0,0.0,0.0,0.0,0.0,183.0
430,5,8.7,Southern_Africa,701,-70.7,106.7,0.0,0.0,0.0,0.0,0.0,0.0,0.0,186.0
431,3,4.6,Southern_Africa,701,-68.0,50.5,-54.7,39.5,0.0,0.0,0.0,0.0,0.0,221.5
432,3,6.0,Southern_Africa,701,-54.0,80.0,-49.0,62.6,0.0,0.0,0.0,0.0,0.0,248.5
433,5,7.6,Southern_Africa,701,-50.9,86.3,-48.0,63.8,0.0,0.0,0.0,0.0,0.0,251.0
434,6,5.6,Southern_Africa,701,-26.5,26.5,-21.6,27.7,0.0,0.0,0.0,0.0,0.0,281.5
435,6,12.0,Southern_Africa,701,-25.0,67.0,-25.2,53.6,0.0,0.0,0.0,0.0,0.0,315.0
436,4,7.0,Southern_Africa,701,10.0,15.0,-3.3,16.0,0.0,0.0,0.0,0.0,0.0,398.5
437,5,18.0,Southern_Africa,701,25.0,343.0,17.0,-11.0,0.0,0.0,0.0,0.0,0.0,446.5
438,6,9.0,Southern_Africa,701,28.0,14.0,13.9,13.8,0.0,0.0,0.0,0.0,0.0,482.5
439,4,14.0,Meseta,707,-46.0,78.0,0.0,0.0,0.0,0.0,0.0,0.0,0.0,120.0
440,6,9.0,Meseta,707,-44.0,71.0,0.0,0.0,-42.6,73.6,33.6,26.0,2.3,173.5
441,4,11.0,Meseta,707,-45.0,68.0,0.0,0.0,-43.7,70.7,33.6,26.0,2.3,173.5
442,5,6.0,Meseta,707,-69.2,55.5,0.0,0.0,-68.2,61.0,33.6,26.0,2.3,201.0
443,3,7.0,Meseta,707,-71.0,36.0,0.0,0.0,-70.5,42.7,33.6,26.0,2.3,201.0
444,5,19.0,Meseta,707,-73.0,61.3,0.0,0.0,-71.8,67.4,33.6,26.0,2.3,201.0
445,3,4.6,Meseta,707,-38.7,56.8,0.0,0.0,-37.7,59.4,33.6,26.0,2.3,273.0
446,5,4.7,Meseta,707,-32.2,64.1,-33.4,66.0,-32.1,68.3,33.6,26.0,2.3,273.0
447,3,7.8,Meseta,707,-24.0,63.8,-23.3,62.3,-22.1,64.3,33.6,26.0,2.3,273.0
448,3,20.9,Meseta,707,-36.0,58.0,0.0,0.0,-34.9,60.5,33.6,26.0,2.3,280.5
449,3,4.1,Somalia,709,-87.5,359.3,0.0,0.0,-87.5,-2.3,52.4,6.3,-0.1,1.0
450,3,5.7,Somalia,709,-87.2,37.1,0.0,0.0,-87.3,34.3,50.2,6.5,-0.2,2.0
451,3,4.1,Somalia,709,-79.7,350.2,0.0,0.0,-79.6,-11.0,50.3,6.4,-0.3,2.5
452,5,3.8,Somalia,709,-85.7,75.8,-84.4,65.5,-85.1,59.6,50.4,6.4,-1.3,11.5
453,4,8.8,Somalia,709,-86.5,6.6,0.0,0.0,-86.4,-7.5,50.4,6.4,-1.3,12.0
454,3,10.0,Somalia,709,-80.1,214.2,0.0,0.0,-79.7,-142.7,50.3,6.4,-1.3,13.5
455,5,3.1,Somalia,709,-84.6,343.3,0.0,0.0,-84.2,-25.5,50.4,6.4,-1.3,17.0
456,4,8.4,Somalia,709,-75.1,350.3,0.0,0.0,-74.8,-14.2,50.3,6.4,-1.5,34.0
457,4,3.0,Somalia,709,-61.8,79.5,0.0,0.0,-62.7,77.8,50.3,6.4,-1.5,111.0
458,3,9.3,Somalia,709,-60.0,82.0,0.0,0.0,-60.9,80.4,50.3,6.4,-1.5,124.5
459,3,5.0,Somalia,709,-46.0,40.0,-33.3,36.9,-33.7,35.2,50.3,6.4,-1.5,257.0
460,5,1.9,Somalia,709,27.5,344.8,0.0,0.0,27.8,-15.9,50.3,6.4,-1.5,522.0
461,4,5.0,Somalia,709,-28.4,319.1,0.0,0.0,-27.7,-42.4,50.3,6.4,-1.5,547.0
462,4,6.7,Northwest_Africa,714,-87.5,358.2,0.0,0.0,0.0,0.0,0.0,0.0,0.0,7.5
463,3,5.2,Northwest_Africa,714,-77.8,326.2,0.0,0.0,0.0,0.0,0.0,0.0,0.0,8.0
464,4,4.1,Northwest_Africa,714,-81.9,294.4,0.0,0.0,0.0,0.0,0.0,0.0,0.0,13.0
465,3,2.3,Northwest_Africa,714,-86.8,202.9,0.0,0.0,0.0,0.0,0.0,0.0,0.0,13.0
466,5,8.0,Northwest_Africa,714,-72.0,71.2,0.0,0.0,0.0,0.0,0.0,0.0,0.0,81.0
467,6,6.3,Northwest_Africa,714,-65.2,20.3,0.0,0.0,-65.3,25.8,33.6,26.0,2.3,152.5
468,3,19.2,Northwest_Africa,714,-62.5,61.6,0.0,0.0,-61.3,65.8,33.6,26.0,2.3,160.0
469,5,7.4,Northwest_Africa,714,-68.5,62.4,0.0,0.0,-67.3,67.4,33.6,26.0,2.3,185.5
470,4,4.1,Northwest_Africa,714,-69.4,52.0,0.0,0.0,-68.5,57.7,33.6,26.0,2.3,187.0
471,4,6.1,Northwest_Africa,714,-71.4,60.2,0.0,0.0,-70.2,66.0,33.6,26.0,2.3,187.0
472,4,6.2,Northwest_Africa,714,-82.9,32.7,0.0,0.0,-82.4,48.7,33.6,26.0,2.3,193.0
473,5,4.1,Northwest_Africa,714,-73.0,64.7,0.0,0.0,-71.7,70.6,33.6,26.0,2.3,200.0
474,6,2.6,Northwest_Africa,714,-70.9,55.1,-76.2,78.9,-74.6,84.4,33.6,26.0,2.3,206.5
475,5,6.0,Northwest_Africa,714,-29.0,60.0,-26.8,56.5,-25.7,58.6,33.6,26.0,2.3,273.0
476,5,3.6,Northwest_Africa,714,-29.1,57.8,-26.3,54.2,-25.4,56.3,33.6,26.0,2.3,275.0
477,5,2.8,Northwest_Africa,714,-38.5,57.5,-33.7,52.4,-32.8,54.8,33.6,26.0,2.3,286.5
478,4,4.1,Northwest_Africa,714,-33.8,61.4,-29.0,55.5,-28.0,57.7,33.6,26.0,2.3,290.0
479,5,3.5,Northwest_Africa,714,-28.7,55.8,-20.9,48.3,-20.1,50.3,33.6,26.0,2.3,307.0
480,6,4.6,Northwest_Africa,714,-28.3,58.9,-21.1,51.5,-20.2,53.4,33.6,26.0,2.3,309.0
481,5,2.6,Northwest_Africa,714,-32.8,55.7,-27.8,49.9,-27.0,52.1,33.6,26.0,2.3,310.0
482,4,4.5,Northwest_Africa,714,-28.2,55.5,-20.3,47.8,-19.6,49.8,33.6,26.0,2.3,317.0
483,7,5.3,Northwest_Africa,714,-26.6,44.7,-17.5,36.2,-17.1,38.1,33.6,26.0,2.3,320.0
484,5,5.9,Northwest_Africa,714,-18.8,31.2,0.0,0.0,-18.6,33.2,33.6,26.0,2.3,348.0
485,5,3.7,Northwest_Africa,714,-21.0,19.9,0.0,0.0,-21.2,21.9,33.6,26.0,2.3,365.0
486,6,3.7,Northwest_Africa,714,-19.2,19.8,0.0,0.0,-19.4,21.8,33.6,26.0,2.3,365.0
487,5,6.6,Northwest_Africa,714,-43.4,8.6,0.0,0.0,-43.9,11.7,33.6,26.0,2.3,409.0
488,5,2.5,Northeast_Africa,715,-87.6,346.9,0.0,0.0,0.0,0.0,0.0,0.0,0.0,1.5
489,5,3.1,Northeast_Africa,715,-84.9,127.9,0.0,0.0,0.0,0.0,0.0,0.0,0.0,3.0
490,5,7.4,Northeast_Africa,715,-86.1,336.5,0.0,0.0,0.0,0.0,0.0,0.0,0.0,4.0
491,5,11.2,Northeast_Africa,715,-69.0,4.0,0.0,0.0,0.0,0.0,0.0,0.0,0.0,11.5
492,5,8.3,Northeast_Africa,715,-78.4,16.1,0.0,0.0,0.0,0.0,0.0,0.0,0.0,11.5
493,5,2.6,Northeast_Africa,715,-73.0,0.5,-83.2,341.7,0.0,0.0,0.0,0.0,0.0,13.5
494,4,12.7,Northeast_Africa,715,-83.0,13.3,0.0,0.0,0.0,0.0,0.0,0.0,0.0,26.5
495,6,6.0,Northeast_Africa,715,-79.6,332.2,-79.5,258.6,0.0,0.0,0.0,0.0,0.0,29.0
496,5,5.4,Northeast_Africa,715,-77.9,32.8,0.0,0.0,0.0,0.0,0.0,0.0,0.0,30.0
497,5,6.4,Northeast_Africa,715,-83.5,318.6,0.0,0.0,0.0,0.0,0.0,0.0,0.0,37.0
498,6,4.0,Northeast_Africa,715,-71.0,340.0,-76.5,308.4,0.0,0.0,0.0,0.0,0.0,37.5
499,6,4.2,Northeast_Africa,715,-78.1,342.8,0.0,0.0,0.0,0.0,0.0,0.0,0.0,42.5
500,6,6.0,Northeast_Africa,715,-68.0,338.0,-73.0,314.8,0.0,0.0,0.0,0.0,0.0,44.5
501,3,5.8,Northeast_Africa,715,-69.4,9.4,0.0,0.0,0.0,0.0,0.0,0.0,0.0,44.5
502,5,8.5,Northeast_Africa,715,-69.3,78.1,0.0,0.0,-69.4,78.3,39.9,-61.4,-0.2,93.0
503,3,18.1,Northeast_Africa,715,-75.7,48.3,0.0,0.0,-75.9,48.4,40.1,-61.4,-0.2,94.5
504,3,11.5,Northeast_Africa,715,-54.9,43.3,-59.7,27.0,-60.2,26.5,40.5,-61.4,-0.7,221.5
505,4,5.5,Northeast_Africa,715,-54.5,45.8,0.0,0.0,-55.0,45.6,40.5,-61.4,-0.7,231.0
506,5,3.8,Northeast_Africa,715,-59.3,34.1,0.0,0.0,-59.8,33.7,40.5,-61.4,-0.7,231.0
507,4,6.0,Northeast_Africa,715,-40.8,71.3,0.0,0.0,-41.2,71.2,40.4,-61.4,-0.7,280.0
508,3,10.8,Northeast_Africa,715,25.9,11.6,0.0,0.0,25.4,11.2,40.4,-61.4,-0.7,377.0
509,6,9.2,Northeast_Africa,715,39.6,329.5,0.0,0.0,39.3,-30.6,40.4,-61.4,-0.7,463.0
510,4,5.4,East_Gondwana,501,-39.2,105.6,0.0,0.0,-73.4,66.6,18.8,22.6,-39.2,64.0
511,6,5.7,East_Gondwana,501,-39.0,100.8,0.0,0.0,-72.0,54.5,19.0,21.9,-40.2,65.0
512,4,6.7,East_Gondwana,501,-40.0,96.0,0.0,0.0,-70.6,42.6,19.2,21.5,-40.7,65.5
513,6,5.9,East_Gondwana,501,-38.4,102.4,0.0,0.0,-72.7,57.9,19.2,21.5,-40.7,65.5
514,3,3.8,East_Gondwana,501,-34.5,103.6,0.0,0.0,-69.8,66.8,19.2,21.5,-40.7,65.5
515,5,9.4,East_Gondwana,501,-37.2,100.5,0.0,0.0,-70.8,56.2,19.2,21.5,-40.7,65.5
516,3,3.8,East_Gondwana,501,-39.0,99.0,0.0,0.0,-71.5,49.9,19.2,21.5,-40.7,65.5
517,4,10.1,East_Gondwana,501,-34.6,94.0,0.0,0.0,-67.6,42.9,20.2,19.3,-43.8,69.0
518,4,12.0,East_Gondwana,501,-21.6,119.4,0.0,0.0,-74.9,73.7,19.8,27.2,-59.2,88.0
519,5,7.5,East_Gondwana,501,-14.2,117.8,0.0,0.0,-66.7,79.4,20.2,27.6,-58.5,91.2
520,3,4.0,East_Gondwana,501,-3.0,118.0,0.0,0.0,-49.8,86.8,23.4,31.3,-53.8,116.0
521,6,3.5,East_Gondwana,501,-7.0,117.0,0.0,0.0,-53.3,83.2,23.4,31.3,-53.8,116.0
522,6,8.3,East_Gondwana,501,-9.3,124.8,0.0,0.0,-57.6,95.2,23.4,31.3,-53.8,116.0
523,4,5.5,East_Gondwana,501,-6.5,120.2,0.0,0.0,-53.8,88.5,23.4,31.3,-53.8,116.0
524,3,7.0,East_Gondwana,501,-16.0,121.0,0.0,0.0,-63.0,84.4,23.5,31.4,-53.7,116.5
525,5,2.4,East_Gondwana,501,-9.4,116.6,0.0,0.0,-55.1,81.1,23.5,31.5,-53.6,117.0
526,5,4.6,East_Gondwana,501,-10.1,130.1,-2.4,118.5,-45.1,71.3,29.8,42.1,-60.5,206.5
527,4,4.6,East_Gondwana,501,7.3,124.3,12.2,110.9,-28.7,73.5,29.8,42.1,-60.5,243.0
528,5,6.0,East_Gondwana,501,7.5,120.5,13.4,109.1,-26.7,72.5,29.8,42.1,-60.5,248.5
529,6,4.3,East_Gondwana,501,2.2,125.8,0.0,0.0,-44.6,83.5,29.8,42.1,-60.5,250.5
530,3,1.8,East_Gondwana,501,4.1,102.8,10.2,94.5,-20.3,58.1,29.8,42.1,-60.5,250.5
531,6,6.5,East_Gondwana,501,4.0,129.0,9.5,115.1,-33.2,75.8,29.8,42.1,-60.5,250.5
532,3,12.1,East_Gondwana,501,18.1,111.0,0.0,0.0,-23.8,77.0,29.8,42.1,-60.5,289.5
533,5,4.1,Arabia,503,-82.4,62.2,0.0,0.0,-82.9,57.8,36.5,18.0,-0.8,2.5
534,5,3.4,Arabia,503,-76.0,13.5,0.0,0.0,-75.2,-3.1,36.5,18.0,-4.5,19.0
535,5,3.6,Arabia,503,-74.2,69.1,0.0,0.0,-77.7,46.7,35.7,20.4,-7.1,29.0
536,3,7.2,Arabia,503,-25.6,64.0,-13.4,58.4,-17.7,51.5,37.1,17.1,-8.9,306.5
537,5,4.4,Madagascar,702,-74.0,43.7,0.0,0.0,0.0,0.0,0.0,0.0,0.0,86.5
538,4,7.6,Madagascar,702,-64.0,63.0,0.0,0.0,0.0,0.0,0.0,0.0,0.0,87.0
539,4,4.9,Madagascar,702,-66.1,49.7,0.0,0.0,0.0,0.0,0.0,0.0,0.0,87.0
540,4,4.4,Madagascar,702,-65.8,35.6,0.0,0.0,0.0,0.0,0.0,0.0,0.0,87.0
541,4,8.9,Madagascar,702,-73.7,73.1,0.0,0.0,0.0,0.0,0.0,0.0,0.0,87.0
542,5,4.3,Madagascar,702,-65.5,38.0,0.0,0.0,0.0,0.0,0.0,0.0,0.0,87.0
543,4,6.9,Madagascar,702,-70.3,63.1,0.0,0.0,0.0,0.0,0.0,0.0,0.0,87.0
544,5,2.4,Madagascar,702,-76.8,68.2,0.0,0.0,0.0,0.0,0.0,0.0,0.0,87.0
545,5,10.7,Madagascar,702,-66.7,43.5,0.0,0.0,0.0,0.0,0.0,0.0,0.0,91.0
546,3,5.9,Madagascar,702,-74.0,97.1,-65.2,70.8,-50.9,59.5,14.8,137.5,-15.4,206.5
547,3,7.6,Madagascar,702,-76.7,110.8,-68.4,73.5,-54.3,60.4,14.8,137.5,-15.4,250.5
548,3,9.5,Madagascar,702,-51.3,72.6,-42.5,60.2,-27.8,54.4,14.8,137.5,-15.4,305.0
549,5,11.0,Madagascar,702,-6.8,1.0,0.0,0.0,3.1,-2.6,14.8,137.5,-15.4,509.0
550,4,14.0,Madagascar,702,-6.8,352.7,0.0,0.0,1.6,-10.7,14.8,137.5,-15.4,521.0
551,5,1.8,Australia,801,-78.4,103.1,-70.3,148.6,-80.2,155.3,12.0,48.8,-10.4,17.5
552,5,3.6,Australia,801,-70.5,125.6,0.0,0.0,-80.2,19.0,14.1,57.0,-24.4,53.0
553,5,1.8,Australia,801,-48.9,148.7,-45.1,146.8,-56.4,93.9,17.2,103.2,-36.0,112.0
554,5,3.7,Australia,801,-53.0,179.6,0.0,0.0,-59.2,64.5,19.5,117.8,-56.2,168.0
555,4,6.0,Australia,801,-46.1,175.2,0.0,0.0,-57.3,78.3,19.5,117.8,-56.2,180.0
556,5,2.9,Australia,801,-50.7,174.5,0.0,0.0,-56.6,69.9,19.5,117.8,-56.2,183.0
557,6,5.1,Australia,801,-63.8,124.5,0.0,0.0,-31.5,48.8,19.5,117.8,-56.2,321.0
558,6,6.0,Australia,801,-47.1,41.0,-49.3,54.7,2.2,28.5,19.5,117.8,-56.2,367.0
559,6,7.8,Australia,801,-49.1,38.0,0.0,0.0,3.6,17.7,19.5,117.8,-56.2,370.0
560,6,15.2,Australia,801,-62.0,23.2,0.0,0.0,-10.0,10.7,19.5,117.8,-56.2,370.0
561,5,5.0,Australia,801,-63.0,38.6,0.0,0.0,-10.3,18.0,19.5,117.8,-56.2,376.0
562,5,3.0,Australia,801,-26.7,33.7,-30.4,46.0,21.9,25.2,19.5,117.8,-56.2,465.0
563,4,13.0,Australia,801,-13.0,25.0,0.0,0.0,38.3,1.5,19.5,117.8,-56.2,493.0
564,6,7.4,Australia,801,3.1,54.1,0.0,0.0,52.7,45.0,19.5,117.8,-56.2,495.0
565,3,3.8,Australia,801,-37.5,34.4,0.0,0.0,15.2,14.8,19.5,117.8,-56.2,500.0
566,6,10.0,Australia,801,-19.3,39.1,0.0,0.0,33.4,19.0,19.5,117.8,-56.2,510.0
567,3,10.1,Australia,801,-31.4,26.9,-31.3,26.7,20.6,7.4,19.5,117.8,-56.2,510.0
568,3,10.4,Australia,801,-38.3,24.5,0.0,0.0,13.4,6.9,19.5,117.8,-56.2,510.0
569,3,12.3,Australia,801,-33.8,15.1,-32.8,13.9,16.4,-3.2,19.5,117.8,-56.2,515.0
570,7,6.7,Australia,801,-43.2,339.9,0.0,0.0,-6.2,-20.8,19.5,117.8,-56.2,522.0
571,6,14.4,Australia,801,-37.4,20.1,0.0,0.0,13.5,3.2,19.5,117.8,-56.2,523.0
572,6,7.3,Australia,801,-32.7,11.5,-28.7,5.7,17.4,-11.7,19.5,117.8,-56.2,525.0
573,6,4.1,Australia,801,-46.6,337.3,-37.4,331.7,-6.5,-29.4,19.5,117.8,-56.2,534.0
574,5,11.4,Australia,801,-21.3,14.9,0.0,0.0,27.5,-6.6,19.5,117.8,-56.2,535.0
575,6,16.0,Australia,801,-33.0,328.0,-20.2,326.5,1.6,-45.3,19.5,117.8,-56.2,550.0
576,5,4.0,East_Antarctica,802,-85.5,143.6,0.0,0.0,-85.5,141.7,8.3,-49.4,0.2,1.0
577,5,6.3,East_Antarctica,802,-87.3,137.3,0.0,0.0,-87.3,130.8,8.2,-49.4,0.3,2.0
578,5,7.0,East_Antarctica,802,-86.4,28.5,0.0,0.0,-85.7,30.7,8.2,-49.4,0.8,5.0
579,5,2.3,East_Antarctica,802,-85.5,9.3,0.0,0.0,-81.7,25.3,11.6,-48.2,4.2,27.0
580,5,4.4,East_Antarctica,802,-51.4,203.4,0.0,0.0,-55.0,98.6,10.5,148.8,-58.2,164.0
581,4,3.4,East_Antarctica,802,-47.8,225.5,0.0,0.0,-69.3,91.3,10.5,148.8,-58.2,183.0
582,3,3.3,East_Antarctica,802,-57.8,224.3,0.0,0.0,-61.5,75.7,10.5,148.8,-58.2,183.0
583,5,2.4,East_Antarctica,802,-45.3,208.0,0.0,0.0,-59.4,108.3,10.5,148.8,-58.2,183.0
584,5,10.2,East_Antarctica,802,-50.5,211.4,0.0,0.0,-60.0,97.1,10.5,148.8,-58.2,183.0
585,4,6.9,East_Antarctica,802,-44.1,231.5,0.0,0.0,-74.9,91.3,10.5,148.8,-58.2,193.0
586,5,3.8,East_Antarctica,802,-41.8,226.5,0.0,0.0,-73.2,105.8,10.5,148.8,-58.2,195.0
587,5,5.2,East_Antarctica,802,-2.5,23.8,0.0,0.0,37.8,-2.5,10.5,148.8,-58.2,471.5
588,5,7.6,East_Antarctica,802,-3.5,22.7,0.0,0.0,36.3,-2.7,10.5,148.8,-58.2,475.0
589,5,7.2,East_Antarctica,802,-11.0,21.0,0.0,0.0,29.6,2.0,10.5,148.8,-58.2,479.0
590,4,10.9,East_Antarctica,802,-9.3,26.7,0.0,0.0,34.5,5.7,10.5,148.8,-58.2,484.0
591,4,12.0,East_Antarctica,802,-7.0,21.4,0.0,0.0,32.8,-0.9,10.5,148.8,-58.2,499.0
592,4,8.1,East_Antarctica,802,-5.4,18.5,0.0,0.0,32.0,-4.6,10.5,148.8,-58.2,500.0
593,3,4.5,East_Antarctica,802,-28.5,9.5,0.0,0.0,9.5,6.1,10.5,148.8,-58.2,515.0
